Date, Symbol, Underlying Close Price (A), Underlying Previous Day Close Price (B), Underlying Log Returns (C) = LN(A/B), Previous Day Underlying Volatility (D), Current Day Underlying Daily Volatility (E) = Sqrt (0.995*D*D + 0.005* C*C), Underlying Annualised Volatility (F) = E*sqrt(365), Futures Close Price (G), Futures Previous Day Close Price (H), Futures Log Returns (I) = LN(G/H), Previous Day Futures Volatility (J), Current Day Futures Daily Volatility (K) = Sqrt (0.995*J*J + 0.005* I*I), Futures Annualised Volatility (L) = K*sqrt(365), Applicable Daily Volatility (M) = Max (E or K), Applicable Annualised Volatility (N) = Max (F or L)
24-Mar-26,360ONE,989.3,985.35,  0.00400071,  0.02189151,  0.02183859,  0.41722560,993.2,988.2,  0.00504695,  0.02181028,  0.02175865,  0.41569845,  0.02183859,  0.41722560
24-Mar-26,ABB,6161.95,6041.4,  0.01975751,  0.01933443,  0.01933656,  0.36942453,6156.5,6029,  0.02092727,  0.01931846,  0.01932676,  0.36923728,  0.01933656,  0.36942453
24-Mar-26,ABCAPITAL,302.4,294.95,  0.02494479,  0.02010098,  0.02012811,  0.38454707,303.55,294.65,  0.02975813,  0.02026003,  0.02031860,  0.38818625,  0.02031860,  0.38818625
24-Mar-26,ADANIENSOL,967.35,947,  0.02126128,  0.02819868,  0.02816832,  0.53815503,969.4,943.6,  0.02697498,  0.02838822,  0.02838131,  0.54222418,  0.02838131,  0.54222418
24-Mar-26,ADANIENT,1817.95,1833, -0.00824448,  0.02466348,  0.02460871,  0.47014867,1823.5,1813.1,  0.00571964,  0.02539669,  0.02533631,  0.48404953,  0.02533631,  0.48404953
24-Mar-26,ADANIGREEN,839.55,816.5,  0.02783912,  0.02988765,  0.02987773,  0.57081322,839.15,816.4,  0.02748504,  0.03018157,  0.03016873,  0.57637285,  0.03016873,  0.57637285
24-Mar-26,ADANIPORTS,1344.2,1303.6,  0.03066937,  0.02062047,  0.02068277,  0.39514380,1345.2,1303.6,  0.03141303,  0.02055496,  0.02062356,  0.39401261,  0.02068277,  0.39514380
24-Mar-26,ALKEM,5297,5144.55,  0.02920272,  0.01459485,  0.01470405,  0.28092039,5286.5,5136,  0.02888183,  0.01472239,  0.01482690,  0.28326758,  0.01482690,  0.28326758
24-Mar-26,AMBER,6452.05,6289.1,  0.02557993,  0.02757596,  0.02756627,  0.52665294,6470.5,6276.5,  0.03044089,  0.02759698,  0.02761187,  0.52752401,  0.02761187,  0.52752401
24-Mar-26,AMBUJACEM,407.55,395.35,  0.03039218,  0.01803256,  0.01811526,  0.34609152,408.6,395.85,  0.03170133,  0.01820648,  0.01829884,  0.34959881,  0.01829884,  0.34959881
24-Mar-26,ANGELONE,230.45,220.9,  0.04232381,  0.02834446,  0.02843149,  0.54318280,228.32,218.68,  0.04313868,  0.02856080,  0.02865216,  0.54739870,  0.02865216,  0.54739870
24-Mar-26,APLAPOLLO,1974.4,1893.9,  0.04162636,  0.01774490,  0.01794350,  0.34281018,1970.1,1895.5,  0.03860165,  0.01771088,  0.01787630,  0.34152620,  0.01794350,  0.34281018
24-Mar-26,APOLLOHOSP,7413,7145,  0.03682240,  0.01303484,  0.01326046,  0.25334080,7403.5,7143,  0.03582001,  0.01279993,  0.01301676,  0.24868494,  0.01326046,  0.25334080
24-Mar-26,ASHOKLEY,167.15,162,  0.03129528,  0.01993104,  0.02000402,  0.38217622,167.3,162.12,  0.03145181,  0.01932315,  0.01940256,  0.37068531,  0.02000402,  0.38217622
24-Mar-26,ASIANPAINT,2217.3,2121.3,  0.04426113,  0.01420388,  0.01450988,  0.27721078,2215.6,2120,  0.04410716,  0.01424409,  0.01454657,  0.27791187,  0.01454657,  0.27791187
24-Mar-26,ASTRAL,1594.4,1556.3,  0.02418628,  0.01861601,  0.01864811,  0.35627168,1595.6,1553.5,  0.02673939,  0.01809175,  0.01814520,  0.34666363,  0.01864811,  0.35627168
24-Mar-26,AUBANK,877.5,849.55,  0.03237016,  0.01885215,  0.01894366,  0.36191806,879.15,850.55,  0.03307233,  0.01808295,  0.01818857,  0.34749207,  0.01894366,  0.36191806
24-Mar-26,AUROPHARMA,1281.6,1278.7,  0.00226536,  0.01778598,  0.01774215,  0.33896334,1282.8,1278,  0.00374883,  0.01775162,  0.01770917,  0.33833320,  0.01774215,  0.33896334
24-Mar-26,AXISBANK,1192.7,1170.6,  0.01870321,  0.01472292,  0.01474535,  0.28170945,1192.2,1171,  0.01794226,  0.01440475,  0.01442471,  0.27558361,  0.01474535,  0.28170945
24-Mar-26,BAJAJ-AUTO,8898,8776,  0.01380581,  0.01541401,  0.01540633,  0.29433755,8901,8732,  0.01916919,  0.01519391,  0.01521621,  0.29070528,  0.01540633,  0.29433755
24-Mar-26,BAJAJFINSV,1704.4,1675.5,  0.01710151,  0.01495160,  0.01496311,  0.28586975,1701,1671.7,  0.01737524,  0.01521278,  0.01522440,  0.29086175,  0.01522440,  0.29086175
24-Mar-26,BAJAJHLDNG,9337.05,9162.5,  0.01887129,  0.01954840,  0.01954507,  0.37340812,9365,9161,  0.02202399,  0.01958654,  0.01959942,  0.37444633,  0.01959942,  0.37444633
24-Mar-26,BAJFINANCE,849.1,812.6,  0.04393798,  0.01735039,  0.01758373,  0.33593667,848,810.9,  0.04473589,  0.01719889,  0.01744498,  0.33328597,  0.01758373,  0.33593667
24-Mar-26,BANDHANBNK,150,148.35,  0.01106095,  0.02279405,  0.02275047,  0.43464711,150.27,147.99,  0.01528897,  0.02283218,  0.02280071,  0.43560688,  0.02280071,  0.43560688
24-Mar-26,BANKBARODA,270.5,265.9,  0.01715180,  0.01839031,  0.01838423,  0.35123023,271.25,266.05,  0.01935664,  0.01849841,  0.01850277,  0.35349490,  0.01850277,  0.35349490
24-Mar-26,BANKEX,59218.21,57831.18,  0.02370102,  0.00990040,  0.01001692,  0.19137290,59227.15,57848.6,  0.02355080,  0.01010439,  0.01021581,  0.19517271,  0.01021581,  0.19517271
24-Mar-26,BANKINDIA,146.35,143.75,  0.01792533,  0.02166317,  0.02164602,  0.41354661,146.57,143.48,  0.02130748,  0.02182522,  0.02182266,  0.41692127,  0.02182266,  0.41692127
24-Mar-26,BANKNIFTY,52605.65,51437.75,  0.02245119,  0.00964715,  0.00975320,  0.18633464,52707.6,51496,  0.02325552,  0.00950704,  0.00962456,  0.18387700,  0.00975320,  0.18633464
24-Mar-26,BDL,1174.1,1158.5,  0.01337583,  0.02707809,  0.02702681,  0.51634648,1176.4,1155.2,  0.01818544,  0.02759094,  0.02755190,  0.52637833,  0.02755190,  0.52637833
24-Mar-26,BEL,414.45,405.5,  0.02183147,  0.01960048,  0.01961230,  0.37469239,413.85,405.55,  0.02025942,  0.01969741,  0.01970031,  0.37637392,  0.01970031,  0.37637392
24-Mar-26,BHARATFORG,1708.8,1648.6,  0.03586493,  0.02029129,  0.02039884,  0.38971933,1707.9,1652.2,  0.03315681,  0.02051299,  0.02059546,  0.39347571,  0.02059546,  0.39347571
24-Mar-26,BHARTIARTL,1802.1,1795.9,  0.00344636,  0.01267329,  0.01264383,  0.24155996,1805.6,1797.3,  0.00460741,  0.01228131,  0.01225488,  0.23412908,  0.01264383,  0.24155996
24-Mar-26,BHEL,258.2,252.85,  0.02093805,  0.02424304,  0.02422774,  0.46287031,257.9,252.5,  0.02116066,  0.02430791,  0.02429310,  0.46411895,  0.02429310,  0.46411895
24-Mar-26,BIOCON,369.05,367.15,  0.00516165,  0.01872271,  0.01867941,  0.35686971,369.2,367.7,  0.00407111,  0.01876989,  0.01872515,  0.35774353,  0.01872515,  0.35774353
24-Mar-26,BLUESTARCO,1665.9,1621.1,  0.02726059,  0.02121803,  0.02125240,  0.40602662,1667.5,1608.3,  0.03614778,  0.02144851,  0.02154700,  0.41165481,  0.02154700,  0.41165481
24-Mar-26,BOSCHLTD,30079.75,29135.15,  0.03190684,  0.01649632,  0.01660902,  0.31731490,30150,29185,  0.03253004,  0.01641191,  0.01653161,  0.31583605,  0.01660902,  0.31731490
24-Mar-26,BPCL,282.25,271.3,  0.03956798,  0.01874489,  0.01890612,  0.36120087,281.7,271.1,  0.03835492,  0.01884668,  0.01899420,  0.36288361,  0.01899420,  0.36288361
24-Mar-26,BRITANNIA,5513.5,5490.05,  0.00426227,  0.01274213,  0.01271373,  0.24289555,5514,5483.5,  0.00554673,  0.01268191,  0.01265621,  0.24179657,  0.01271373,  0.24289555
24-Mar-26,BSE,2805.9,2714.4,  0.03315341,  0.03065104,  0.03066412,  0.58583720,2810,2715.8,  0.03409791,  0.03058839,  0.03060695,  0.58474487,  0.03066412,  0.58583720
24-Mar-26,CAMS,638.65,622.45,  0.02569327,  0.02088718,  0.02091386,  0.39955866,638.6,621.25,  0.02754470,  0.02110718,  0.02114417,  0.40395884,  0.02114417,  0.40395884
24-Mar-26,CANBK,133.15,129.55,  0.02740941,  0.01942178,  0.01946999,  0.37197355,133.38,129.69,  0.02805521,  0.01944611,  0.01949858,  0.37251990,  0.01949858,  0.37251990
24-Mar-26,CDSL,1185.5,1133.8,  0.04458980,  0.02296779,  0.02312625,  0.44182647,1184,1126.3,  0.04996061,  0.02377474,  0.02397695,  0.45807898,  0.02397695,  0.45807898
24-Mar-26,CGPOWER,667.3,664.1,  0.00480698,  0.02185701,  0.02180497,  0.41658344,668,662.65,  0.00804123,  0.02194813,  0.02190056,  0.41840969,  0.02190056,  0.41840969
24-Mar-26,CHOLAFIN,1418.6,1380.9,  0.02693501,  0.01978321,  0.01982550,  0.37876571,1416.8,1382.4,  0.02457969,  0.01931025,  0.01934028,  0.36949549,  0.01982550,  0.37876571
24-Mar-26,CIPLA,1219.35,1221.85, -0.00204817,  0.01319592,  0.01316360,  0.25149020,1220.7,1223.1, -0.00196415,  0.01324463,  0.01321220,  0.25241870,  0.01321220,  0.25241870
24-Mar-26,COALINDIA,442.1,455.25, -0.02931062,  0.01597190,  0.01606612,  0.30694270,441.15,454.6, -0.03003296,  0.01603691,  0.01613704,  0.30829768,  0.01613704,  0.30829768
24-Mar-26,COFORGE,1110.1,1100.4,  0.00877635,  0.02218700,  0.02214010,  0.42298593,1109.5,1098.1,  0.01032805,  0.02200691,  0.02196388,  0.41961926,  0.02214010,  0.42298593
24-Mar-26,COLPAL,1877.3,1849.2,  0.01508146,  0.01483363,  0.01483499,  0.28342217,1882.7,1847.9,  0.01865706,  0.01517573,  0.01519503,  0.29030064,  0.01519503,  0.29030064
24-Mar-26,CONCOR,433.1,423.75,  0.02182499,  0.01756784,  0.01759172,  0.33608928,433.15,423.25,  0.02312107,  0.01781846,  0.01784896,  0.34100393,  0.01784896,  0.34100393
24-Mar-26,CROMPTON,237.55,233.2,  0.01848167,  0.01699884,  0.01700656,  0.32490986,237.15,232.8,  0.01851314,  0.01716782,  0.01717469,  0.32812202,  0.01717469,  0.32812202
24-Mar-26,CUMMINSIND,4619.6,4517.95,  0.02224977,  0.01851483,  0.01853541,  0.35411843,4630.9,4514.7,  0.02541249,  0.01838421,  0.01842604,  0.35202906,  0.01853541,  0.35411843
24-Mar-26,DABUR,421.4,417.35,  0.00965730,  0.01373296,  0.01371544,  0.26203316,422.8,417.95,  0.01153745,  0.01374272,  0.01373249,  0.26235884,  0.01373249,  0.26235884
24-Mar-26,DALBHARAT,1793,1746.05,  0.02653410,  0.01656327,  0.01662795,  0.31767646,1791.7,1740.4,  0.02904992,  0.01695253,  0.01703445,  0.32544274,  0.01703445,  0.32544274
24-Mar-26,DELHIVERY,418.9,411.4,  0.01806625,  0.02054763,  0.02053609,  0.39234140,418.75,410.85,  0.01904590,  0.02063546,  0.02062776,  0.39409287,  0.02062776,  0.39409287
24-Mar-26,DIVISLAB,6025.95,6013.45,  0.00207652,  0.01583151,  0.01579267,  0.30171850,6023.5,6005.5,  0.00299277,  0.01574329,  0.01570527,  0.30004878,  0.01579267,  0.30171850
24-Mar-26,DIXON,10174.5,9894.1,  0.02794597,  0.02510981,  0.02512474,  0.48000742,10156,9783,  0.03741848,  0.02531240,  0.02538734,  0.48502448,  0.02538734,  0.48502448
24-Mar-26,DLF,521,514.75,  0.01206870,  0.01932163,  0.01929227,  0.36857827,521.1,513.95,  0.01381598,  0.01934653,  0.01932286,  0.36916274,  0.01932286,  0.36916274
24-Mar-26,DMART,3756.5,3655.6,  0.02722743,  0.01574192,  0.01582016,  0.30224383,3760.2,3642.9,  0.03169208,  0.01580893,  0.01592772,  0.30429871,  0.01592772,  0.30429871
24-Mar-26,DRREDDY,1259.6,1253.3,  0.00501414,  0.01333060,  0.01330215,  0.25413719,1256.3,1252,  0.00342862,  0.01329859,  0.01326742,  0.25347377,  0.01330215,  0.25413719
24-Mar-26,EICHERMOT,6871,6681.55,  0.02795966,  0.01612558,  0.01620613,  0.30961763,6878.5,6686,  0.02838482,  0.01596659,  0.01605253,  0.30668323,  0.01620613,  0.30961763
24-Mar-26,ETERNAL,237.95,226.95,  0.04733084,  0.02390620,  0.02408015,  0.46005057,237.57,226.61,  0.04723184,  0.02367837,  0.02385416,  0.45573306,  0.02408015,  0.46005057
24-Mar-26,EXIDEIND,298.5,290.75,  0.02630614,  0.01729890,  0.01735551,  0.33157660,298.5,290.25,  0.02802731,  0.01767520,  0.01774192,  0.33895884,  0.01774192,  0.33895884
24-Mar-26,FEDERALBNK,262.5,254.35,  0.03153981,  0.01633344,  0.01644445,  0.31417075,262.6,254.7,  0.03054558,  0.01605029,  0.01615510,  0.30864267,  0.01644445,  0.31417075
24-Mar-26,FINNIFTY,24482.2,23959.2,  0.02159394,  0.00997484,  0.01006648,  0.19231980,24518.3,23952,  0.02336795,  0.00981074,  0.00992467,  0.18961054,  0.01006648,  0.19231980
24-Mar-26,FORTIS,811.4,799.2,  0.01514992,  0.01850359,  0.01848826,  0.35321768,810.75,798.1,  0.01572584,  0.01823094,  0.01821935,  0.34808016,  0.01848826,  0.35321768
24-Mar-26,GAIL,137.65,135.4,  0.01648087,  0.01854637,  0.01853667,  0.35414264,137.56,135.28,  0.01671348,  0.01865313,  0.01864395,  0.35619223,  0.01864395,  0.35619223
24-Mar-26,GLENMARK,2095.7,2088.85,  0.00327395,  0.01910530,  0.01905882,  0.36411821,2093.3,2083.4,  0.00474059,  0.01908499,  0.01904025,  0.36376349,  0.01905882,  0.36411821
24-Mar-26,GMRAIRPORT,89,84.75,  0.04893062,  0.02054165,  0.02078031,  0.39700724,88.96,84.68,  0.04930738,  0.02083481,  0.02107310,  0.40260105,  0.02107310,  0.40260105
24-Mar-26,GODREJCP,1006.9,1002.45,  0.00442930,  0.01534300,  0.01530788,  0.29245655,1007.9,1001.2,  0.00666968,  0.01510227,  0.01507190,  0.28794815,  0.01530788,  0.29245655
24-Mar-26,GODREJPROP,1540.5,1497.2,  0.02851034,  0.02360583,  0.02363299,  0.45150755,1544.5,1494.8,  0.03270781,  0.02363612,  0.02369020,  0.45260067,  0.02369020,  0.45260067
24-Mar-26,GRASIM,2549.35,2531.1,  0.00718443,  0.01431740,  0.01429067,  0.27302279,2556.8,2526.9,  0.01176322,  0.01437890,  0.01436691,  0.27447944,  0.01436691,  0.27447944
24-Mar-26,HAL,3653.95,3634.5,  0.00533722,  0.02002225,  0.01997568,  0.38163492,3660.8,3628.6,  0.00883480,  0.02018572,  0.02014480,  0.38486586,  0.02014480,  0.38486586
24-Mar-26,HAVELLS,1234.2,1231,  0.00259614,  0.01517239,  0.01513548,  0.28916290,1234.3,1227.4,  0.00560590,  0.01534396,  0.01531078,  0.29251201,  0.01531078,  0.29251201
24-Mar-26,HCLTECH,1373.3,1358.6,  0.01076184,  0.01538603,  0.01536637,  0.29357415,1368.5,1348.3,  0.01487071,  0.01490646,  0.01490620,  0.28478248,  0.01536637,  0.29357415
24-Mar-26,HDFCAMC,2351.75,2254.6,  0.04218716,  0.01861797,  0.01880946,  0.35935415,2346.8,2257.9,  0.03861752,  0.01855129,  0.01870523,  0.35736301,  0.01880946,  0.35935415
24-Mar-26,HDFCBANK,764.9,744.15,  0.02750248,  0.01185928,  0.01198827,  0.22903567,765.5,745,  0.02714500,  0.01155553,  0.01168532,  0.22324764,  0.01198827,  0.22903567
24-Mar-26,HDFCLIFE,603,592.1,  0.01824166,  0.01378109,  0.01380703,  0.26378302,603.35,593.15,  0.01705014,  0.01354223,  0.01356195,  0.25910076,  0.01380703,  0.26378302
24-Mar-26,HEROMOTOCO,5252.95,5065.15,  0.03640607,  0.01683761,  0.01699175,  0.32462687,5259,5071.5,  0.03630426,  0.01687506,  0.01702751,  0.32531015,  0.01702751,  0.32531015
24-Mar-26,HINDALCO,854.65,840.1,  0.01717110,  0.01907902,  0.01906998,  0.36433148,854,841.1,  0.01522063,  0.01887883,  0.01886230,  0.36036370,  0.01906998,  0.36433148
24-Mar-26,HINDPETRO,336.8,319.15,  0.05382807,  0.02211312,  0.02238375,  0.42764098,336.35,318.9,  0.05327471,  0.02198880,  0.02225496,  0.42518049,  0.02238375,  0.42764098
24-Mar-26,HINDUNILVR,2085,2052.35,  0.01578338,  0.01195345,  0.01197544,  0.22879047,2091.1,2053.8,  0.01799851,  0.01182822,  0.01186719,  0.22672233,  0.01197544,  0.22879047
24-Mar-26,HINDZINC,497.05,487.65,  0.01909269,  0.02657161,  0.02653945,  0.50703548,497.95,488.4,  0.01936493,  0.02662792,  0.02659661,  0.50812755,  0.02659661,  0.50812755
24-Mar-26,HUDCO,169.15,165.1,  0.02423454,  0.02536528,  0.02535980,  0.48449834,168.5,164.14,  0.02621603,  0.02581222,  0.02581424,  0.49318039,  0.02581424,  0.49318039
24-Mar-26,ICICIBANK,1251.2,1222.7,  0.02304156,  0.01165409,  0.01173863,  0.22426624,1249.5,1222.4,  0.02192733,  0.01126740,  0.01134545,  0.21675456,  0.01173863,  0.22426624
24-Mar-26,ICICIGI,1730.1,1722.2,  0.00457667,  0.01406032,  0.01402877,  0.26801920,1735.9,1726.9,  0.00519812,  0.01381350,  0.01378372,  0.26333768,  0.01402877,  0.26801920
24-Mar-26,ICICIPRULI,537.5,531.25,  0.01169604,  0.01454456,  0.01453156,  0.27762510,537.45,530.45,  0.01311003,  0.01471812,  0.01471041,  0.28104205,  0.01471041,  0.28104205
24-Mar-26,IDEA,8.88,8.7,  0.02047853,  0.03419174,  0.03413681,  0.65218276,8.88,8.7,  0.02047853,  0.03449565,  0.03443976,  0.65797070,  0.03443976,  0.65797070
24-Mar-26,IDFCFIRSTB,62.09,60.24,  0.03024836,  0.02096122,  0.02101780,  0.40154453,62.03,60.19,  0.03011191,  0.02108825,  0.02114285,  0.40393357,  0.02114285,  0.40393357
24-Mar-26,IEX,119.6,115.4,  0.03574849,  0.02709759,  0.02714771,  0.51865635,119.63,115.39,  0.03608595,  0.02710033,  0.02715269,  0.51875150,  0.02715269,  0.51875150
24-Mar-26,INDHOTEL,604.05,582.45,  0.03641363,  0.01763743,  0.01778073,  0.33970037,604.15,582.6,  0.03632167,  0.01762511,  0.01776747,  0.33944711,  0.01778073,  0.33970037
24-Mar-26,INDIANB,871.45,838.35,  0.03872282,  0.02100974,  0.02113528,  0.40378904,869.55,834.9,  0.04066388,  0.02052093,  0.02067056,  0.39491057,  0.02113528,  0.40378904
24-Mar-26,INDIGO,4150.8,3945.3,  0.05077609,  0.01899014,  0.01927999,  0.36834364,4147.5,3951.7,  0.04835988,  0.01877787,  0.01904049,  0.36376809,  0.01927999,  0.36834364
24-Mar-26,INDUSINDBK,797.3,778.35,  0.02405473,  0.02208942,  0.02209963,  0.42221275,797.7,777.75,  0.02532745,  0.02204405,  0.02206168,  0.42148779,  0.02209963,  0.42221275
24-Mar-26,INDUSTOWER,429.3,413.7,  0.03701490,  0.01976980,  0.01989337,  0.38006235,428.65,413.95,  0.03489554,  0.01969238,  0.01979746,  0.37823000,  0.01989337,  0.38006235
24-Mar-26,INFY,1278.3,1256.85,  0.01692248,  0.01622559,  0.01622916,  0.31005759,1270,1247.4,  0.01795552,  0.01587936,  0.01589029,  0.30358353,  0.01622916,  0.31005759
24-Mar-26,INOXWIND,77.91,76.15,  0.02284924,  0.02740620,  0.02738531,  0.52319552,77.99,76.04,  0.02532110,  0.02749626,  0.02748573,  0.52511422,  0.02748573,  0.52511422
24-Mar-26,IOC,138.65,138.1,  0.00397471,  0.01734526,  0.01730418,  0.33059592,138.96,138.21,  0.00541185,  0.01761097,  0.01757116,  0.33569656,  0.01757116,  0.33569656
24-Mar-26,IREDA,114.35,110.5,  0.03424840,  0.02357077,  0.02363613,  0.45156772,113.96,109.45,  0.04037969,  0.02495890,  0.02505969,  0.47876462,  0.02505969,  0.47876462
24-Mar-26,IRFC,92.85,89.45,  0.03730548,  0.02251287,  0.02261093,  0.43198129,93.1,89.52,  0.03921212,  0.02352110,  0.02362545,  0.45136353,  0.02362545,  0.45136353
24-Mar-26,ITC,291.25,290.45,  0.00275056,  0.01289417,  0.01286338,  0.24575452,291.45,290.3,  0.00395359,  0.01283277,  0.01280370,  0.24461436,  0.01286338,  0.24575452
24-Mar-26,JINDALSTEL,1120.6,1106.2,  0.01293354,  0.02001709,  0.01998782,  0.38186678,1123.3,1107.5,  0.01416556,  0.01977943,  0.01975543,  0.37742703,  0.01998782,  0.38186678
24-Mar-26,JIOFIN,232.7,226.1,  0.02877269,  0.01861925,  0.01868384,  0.35695429,232.5,226.3,  0.02702867,  0.01893039,  0.01897949,  0.36260260,  0.01897949,  0.36260260
24-Mar-26,JSWENERGY,484,482.7,  0.00268956,  0.02227304,  0.02221814,  0.42447696,483.15,481.4,  0.00362864,  0.02245184,  0.02239722,  0.42789825,  0.02239722,  0.42789825
24-Mar-26,JSWSTEEL,1133.7,1109.65,  0.02144197,  0.01666514,  0.01669252,  0.31891010,1133,1108,  0.02231239,  0.01681085,  0.01684269,  0.32177915,  0.01684269,  0.32177915
24-Mar-26,JUBLFOOD,448.6,438.05,  0.02379856,  0.01744450,  0.01748200,  0.33399313,450.1,438.25,  0.02668026,  0.01702313,  0.01708509,  0.32641015,  0.01748200,  0.33399313
24-Mar-26,KALYANKJIL,371.7,362.7,  0.02451103,  0.02695914,  0.02694754,  0.51483204,372.25,362.05,  0.02778335,  0.02680859,  0.02681354,  0.51227201,  0.02694754,  0.51483204
24-Mar-26,KAYNES,3514.3,3409.65,  0.03023071,  0.03175468,  0.03174725,  0.60653030,3525,3419.4,  0.03041534,  0.03177590,  0.03176928,  0.60695117,  0.03176928,  0.60695117
24-Mar-26,KEI,4126,3990.45,  0.03340441,  0.02400721,  0.02406341,  0.45973073,4096,3979,  0.02898036,  0.02424077,  0.02426687,  0.46361799,  0.02426687,  0.46361799
24-Mar-26,KFINTECH,906.25,877.55,  0.03218127,  0.02570835,  0.02574478,  0.49185328,907.8,872.05,  0.04017733,  0.02615579,  0.02624463,  0.50140289,  0.02624463,  0.50140289
24-Mar-26,KOTAKBANK,366.85,356.55,  0.02847856,  0.01372774,  0.01384062,  0.26442476,367.1,356.55,  0.02915981,  0.01330164,  0.01342747,  0.25653136,  0.01384062,  0.26442476
24-Mar-26,KPITTECH,665,659.25,  0.00868422,  0.02347899,  0.02342820,  0.44759522,663.65,658,  0.00854997,  0.02353162,  0.02348056,  0.44859551,  0.02348056,  0.44859551
24-Mar-26,LAURUSLABS,992.6,961.4,  0.03193721,  0.02066370,  0.02073536,  0.39614841,993.4,961.2,  0.03295090,  0.02055737,  0.02063797,  0.39428784,  0.02073536,  0.39614841
24-Mar-26,LICHSGFIN,479,460.7,  0.03895353,  0.01684497,  0.01702698,  0.32530005,479,461.2,  0.03786881,  0.01703103,  0.01719825,  0.32857218,  0.01719825,  0.32857218
24-Mar-26,LICI,758.65,739.9,  0.02502550,  0.01620927,  0.01626523,  0.31074677,759.9,738.9,  0.02802425,  0.01634449,  0.01642349,  0.31377038,  0.01642349,  0.31377038
24-Mar-26,LODHA,726.4,727.9, -0.00206285,  0.02432986,  0.02426935,  0.46366537,726.25,728.15, -0.00261276,  0.02409983,  0.02404018,  0.45928695,  0.02426935,  0.46366537
24-Mar-26,LT,3516.75,3342.35,  0.05086312,  0.01640271,  0.01675231,  0.32005251,3511.2,3340.4,  0.04986730,  0.01621208,  0.01655142,  0.31621448,  0.01675231,  0.32005251
24-Mar-26,LTF,254.8,247.65,  0.02846246,  0.02043432,  0.02048225,  0.39131293,253.65,247.4,  0.02494890,  0.02068119,  0.02070468,  0.39556232,  0.02070468,  0.39556232
24-Mar-26,LTM,4211.45,4105.85,  0.02539422,  0.01817271,  0.01821601,  0.34801641,4205.2,4053.4,  0.03676582,  0.01799908,  0.01814136,  0.34659011,  0.01821601,  0.34801641
24-Mar-26,LUPIN,2331.8,2296.7,  0.01516719,  0.01484150,  0.01484314,  0.28357783,2328.2,2288.8,  0.01706777,  0.01493171,  0.01494328,  0.28549104,  0.01494328,  0.28549104
24-Mar-26,M&M,3031.3,2955.8,  0.02522223,  0.01802119,  0.01806425,  0.34511695,3035.3,2956.8,  0.02620266,  0.01765175,  0.01770466,  0.33824706,  0.01806425,  0.34511695
24-Mar-26,MANAPPURAM,252.65,252.3,  0.00138628,  0.02234751,  0.02229176,  0.42588347,252.85,252.45,  0.00158322,  0.02220598,  0.02215078,  0.42319003,  0.02229176,  0.42588347
24-Mar-26,MANKIND,1987.8,1927.35,  0.03088250,  0.01799369,  0.01808092,  0.34543556,1985,1923.9,  0.03126454,  0.01773551,  0.01782876,  0.34061794,  0.01808092,  0.34543556
24-Mar-26,MARICO,739.1,725.3,  0.01884787,  0.01286346,  0.01290034,  0.24646072,740.15,726.65,  0.01840794,  0.01256584,  0.01260178,  0.24075659,  0.01290034,  0.24646072
24-Mar-26,MARUTI,12464.15,12354.95,  0.00879973,  0.01436409,  0.01434174,  0.27399857,12484,12343,  0.01135872,  0.01415407,  0.01414155,  0.27017391,  0.01434174,  0.27399857
24-Mar-26,MAXHEALTH,969.2,956.9,  0.01277210,  0.01926434,  0.01923721,  0.36752630,972.1,956,  0.01670077,  0.01899436,  0.01898369,  0.36268296,  0.01923721,  0.36752630
24-Mar-26,MAZDOCK,2253,2206.65,  0.02078713,  0.02834056,  0.02830785,  0.54082078,2258.5,2204,  0.02442698,  0.02862416,  0.02860466,  0.54649130,  0.02860466,  0.54649130
24-Mar-26,MCX,2419,2314.4,  0.04420376,  0.02623036,  0.02635071,  0.50342953,2415,2309.9,  0.04449505,  0.02625609,  0.02637863,  0.50396303,  0.02637863,  0.50396303
24-Mar-26,MFSL,1583.5,1567.5,  0.01015559,  0.01594529,  0.01592151,  0.30417999,1583.2,1565.5,  0.01124285,  0.01586466,  0.01584499,  0.30271802,  0.01592151,  0.30417999
24-Mar-26,MIDCPNIFTY,12532.4,12183.55,  0.02823061,  0.01191462,  0.01205135,  0.23024072,12529.9,12168.05,  0.02930412,  0.01236534,  0.01250716,  0.23894904,  0.01250716,  0.23894904
24-Mar-26,MOTHERSON,111.15,106.6,  0.04179713,  0.02150730,  0.02165600,  0.41373724,110,106.32,  0.03402695,  0.02154268,  0.02162311,  0.41310886,  0.02165600,  0.41373724
24-Mar-26,MPHASIS,2116.8,2063.6,  0.02545348,  0.01859605,  0.01863653,  0.35605046,2114.6,2061.5,  0.02543180,  0.01850838,  0.01854942,  0.35438622,  0.01863653,  0.35605046
24-Mar-26,MUTHOOTFIN,3155.2,3115.55,  0.01264618,  0.02237705,  0.02233889,  0.42678388,3120.2,3096,  0.00778615,  0.02246949,  0.02242005,  0.42833449,  0.02242005,  0.42833449
24-Mar-26,NATIONALUM,354.65,349.75,  0.01391277,  0.02741201,  0.02736112,  0.52273341,355.4,350.35,  0.01431126,  0.02679532,  0.02674741,  0.51100861,  0.02736112,  0.52273341
24-Mar-26,NAUKRI,987.4,974.65,  0.01299679,  0.01892744,  0.01890247,  0.36113116,989.9,972.5,  0.01773385,  0.01877692,  0.01877178,  0.35863429,  0.01890247,  0.36113116
24-Mar-26,NBCC,81.85,79.09,  0.03430186,  0.02624889,  0.02629521,  0.50236929,81.93,79.04,  0.03591117,  0.02670173,  0.02675562,  0.51116539,  0.02675562,  0.51116539
24-Mar-26,NESTLEIND,1183.2,1166.8,  0.01395767,  0.01211626,  0.01212601,  0.23166707,1181.9,1168.2,  0.01165921,  0.01215343,  0.01215118,  0.23214794,  0.01215118,  0.23214794
24-Mar-26,NHPC,76.54,75.28,  0.01659898,  0.01808768,  0.01808043,  0.34542607,76.49,75.25,  0.01634411,  0.01826955,  0.01826052,  0.34886683,  0.01826052,  0.34886683
24-Mar-26,NIFTY,22912.4,22512.65,  0.01760088,  0.00843447,  0.00850490,  0.16248581,22928.4,22514.9,  0.01819900,  0.00848075,  0.00855666,  0.16347475,  0.00855666,  0.16347475
24-Mar-26,NIFTYNXT50,62360.7,61414.9,  0.01528279,  0.01129038,  0.01131373,  0.21614849,62364.6,61284.6,  0.01746922,  0.01122635,  0.01126613,  0.21523914,  0.01131373,  0.21614849
24-Mar-26,NMDC,76.77,75.09,  0.02212654,  0.02026552,  0.02027522,  0.38735750,76.97,75.08,  0.02486152,  0.02060237,  0.02062591,  0.39405746,  0.02062591,  0.39405746
24-Mar-26,NTPC,375.55,372.4,  0.00842307,  0.01452512,  0.01450103,  0.27704177,374.9,371.7,  0.00857225,  0.01437058,  0.01434729,  0.27410468,  0.01450103,  0.27704177
24-Mar-26,NUVAMA,1150.3,1110.6,  0.03512237,  0.02516628,  0.02522580,  0.48193831,1153.3,1110.8,  0.03754692,  0.02532200,  0.02539769,  0.48522226,  0.02539769,  0.48522226
24-Mar-26,NYKAA,240.05,234.75,  0.02232612,  0.01881292,  0.01883222,  0.35978912,239.95,234.4,  0.02340151,  0.01867191,  0.01869853,  0.35723488,  0.01883222,  0.35978912
24-Mar-26,OBEROIRLTY,1443.8,1411.5,  0.02262556,  0.01881774,  0.01883876,  0.35991408,1442.4,1409.5,  0.02307336,  0.01902254,  0.01904502,  0.36385450,  0.01904502,  0.36385450
24-Mar-26,OFSS,6605.35,6445.05,  0.02456753,  0.02053385,  0.02055601,  0.39272205,6607,6437,  0.02606710,  0.02054576,  0.02057709,  0.39312484,  0.02057709,  0.39312484
24-Mar-26,OIL,477.95,464.65,  0.02822169,  0.02187175,  0.02190800,  0.41855175,479.55,465.95,  0.02876983,  0.02188155,  0.02192133,  0.41880634,  0.02192133,  0.41880634
24-Mar-26,ONGC,268.05,265.45,  0.00974703,  0.01673954,  0.01671179,  0.31927833,268.6,265.4,  0.01198516,  0.01641576,  0.01639667,  0.31325796,  0.01671179,  0.31927833
24-Mar-26,PAGEIND,32170.25,31344.15,  0.02601447,  0.01470314,  0.01478117,  0.28239378,32275,31410,  0.02716662,  0.01408863,  0.01418406,  0.27098617,  0.01478117,  0.28239378
24-Mar-26,PATANJALI,472.85,463.4,  0.02018760,  0.01644499,  0.01646589,  0.31458037,472.1,463.5,  0.01838444,  0.01668913,  0.01669812,  0.31901718,  0.01669812,  0.31901718
24-Mar-26,PAYTM,1035.1,992.8,  0.04172409,  0.02688347,  0.02697797,  0.51541340,1032.9,993.8,  0.03858968,  0.02698696,  0.02705743,  0.51693140,  0.02705743,  0.51693140
24-Mar-26,PERSISTENT,4913.7,4724.45,  0.03927607,  0.02105483,  0.02118505,  0.40473988,4835.1,4665.5,  0.03570680,  0.02090259,  0.02100263,  0.40125460,  0.02118505,  0.40473988
24-Mar-26,PETRONET,241.9,238.05,  0.01604368,  0.02025013,  0.02023133,  0.38651899,241.1,237.85,  0.01357156,  0.02023658,  0.02020874,  0.38608751,  0.02023133,  0.38651899
24-Mar-26,PFC,398.75,398,  0.00188265,  0.02165688,  0.02160307,  0.41272607,398.75,397.15,  0.00402061,  0.02208744,  0.02203387,  0.42095656,  0.02203387,  0.42095656
24-Mar-26,PGEL,501.7,494.7,  0.01405081,  0.03391627,  0.03384591,  0.64662519,502.4,469.35,  0.06804786,  0.03446742,  0.03471617,  0.66325152,  0.03471617,  0.66325152
24-Mar-26,PHOENIXLTD,1503.5,1477.4,  0.01751194,  0.02028902,  0.02027597,  0.38737195,1503.3,1479.6,  0.01589091,  0.02031062,  0.02029088,  0.38765681,  0.02029088,  0.38765681
24-Mar-26,PIDILITIND,1332.25,1314.9,  0.01310863,  0.01258372,  0.01258640,  0.24046281,1335.3,1310.5,  0.01874724,  0.01248407,  0.01252310,  0.23925350,  0.01258640,  0.24046281
24-Mar-26,PIIND,2759,2762.4, -0.00123157,  0.01539044,  0.01535230,  0.29330535,2769.5,2759.4,  0.00365353,  0.01560786,  0.01557109,  0.29748516,  0.01557109,  0.29748516
24-Mar-26,PNB,107.25,105.55,  0.01597778,  0.01898786,  0.01897403,  0.36249830,107.4,105.54,  0.01747015,  0.01908046,  0.01907264,  0.36438234,  0.01907264,  0.36438234
24-Mar-26,PNBHOUSING,782.3,750.75,  0.04116559,  0.02387623,  0.02399360,  0.45839702,783.25,748.55,  0.04531393,  0.02393649,  0.02409070,  0.46025223,  0.02409070,  0.46025223
24-Mar-26,POLICYBZR,1461.4,1434.45,  0.01861338,  0.02411887,  0.02409447,  0.46032428,1462.4,1434.2,  0.01947172,  0.02411098,  0.02409002,  0.46023918,  0.02409447,  0.46032428
24-Mar-26,POLYCAB,7064.45,6794.95,  0.03889548,  0.02149578,  0.02161768,  0.41300513,7009.5,6787.5,  0.03218369,  0.02137407,  0.02144166,  0.40964230,  0.02161768,  0.41300513
24-Mar-26,POWERGRID,299,302.1, -0.01031452,  0.01524023,  0.01521942,  0.29076655,298.85,301, -0.00716849,  0.01504810,  0.01501914,  0.28694034,  0.01521942,  0.29076655
24-Mar-26,POWERINDIA,25023.45,24254.45,  0.03121328,  0.03030351,  0.03030808,  0.57903510,25000,24255,  0.03025304,  0.03010769,  0.03010837,  0.57521958,  0.03030808,  0.57903510
24-Mar-26,PPLPHARMA,136.1,133.25,  0.02116285,  0.02250343,  0.02249683,  0.42980132,135.73,133.5,  0.01656614,  0.02274960,  0.02272277,  0.43411800,  0.02272277,  0.43411800
24-Mar-26,PREMIERENE,889.35,866.65,  0.02585565,  0.02524582,  0.02524888,  0.48237913,885.45,867.35,  0.02065340,  0.02555175,  0.02552956,  0.48774153,  0.02552956,  0.48774153
24-Mar-26,PRESTIGE,1201.55,1178.6,  0.01928510,  0.02273860,  0.02272255,  0.43411375,1202.4,1178.8,  0.01982259,  0.02291438,  0.02289999,  0.43750360,  0.02289999,  0.43750360
24-Mar-26,RBLBANK,296.6,289.3,  0.02492022,  0.02240625,  0.02241952,  0.42832433,296.75,289.3,  0.02542582,  0.02231773,  0.02233432,  0.42669663,  0.02241952,  0.42832433
24-Mar-26,RECLTD,320.8,316.45,  0.01365262,  0.02178802,  0.02175496,  0.41562797,320.5,316.8,  0.01161162,  0.02208987,  0.02204982,  0.42126113,  0.02204982,  0.42126113
24-Mar-26,RELIANCE,1411.8,1407.8,  0.00283728,  0.01309003,  0.01305885,  0.24948893,1410.3,1405.7,  0.00326705,  0.01284101,  0.01281089,  0.24475172,  0.01305885,  0.24948893
24-Mar-26,RVNL,258.45,250.25,  0.03224183,  0.02755219,  0.02757756,  0.52686864,258.1,248.1,  0.03951522,  0.03048239,  0.03053427,  0.58335632,  0.03053427,  0.58335632
24-Mar-26,SAIL,145.75,143.05,  0.01869861,  0.02328372,  0.02326301,  0.44443914,145.64,143.44,  0.01522099,  0.02355810,  0.02352368,  0.44941926,  0.02352368,  0.44941926
24-Mar-26,SAMMAANCAP,138.5,130,  0.06333588,  0.02776600,  0.02805624,  0.53601365,138.94,130.05,  0.06612319,  0.02801030,  0.02832876,  0.54122015,  0.02832876,  0.54122015
24-Mar-26,SBICARD,673.5,653.3,  0.03045155,  0.01585424,  0.01596057,  0.30492620,675.5,646.85,  0.04333873,  0.01557598,  0.01583629,  0.30255195,  0.01596057,  0.30492620
24-Mar-26,SBILIFE,1836,1832.3,  0.00201728,  0.01316367,  0.01313141,  0.25087525,1838.4,1832.8,  0.00305078,  0.01277205,  0.01274209,  0.24343731,  0.01313141,  0.25087525
24-Mar-26,SBIN,1030.8,1031.9, -0.00106656,  0.01454826,  0.01451198,  0.27725091,1033,1030.2,  0.00271423,  0.01452396,  0.01448903,  0.27681259,  0.01451198,  0.27725091
24-Mar-26,SENSEX,74068.45,72696.39,  0.01869794,  0.00835031,  0.00843383,  0.16112801,74111.8,72722.4,  0.01892531,  0.00819133,  0.00827982,  0.15818564,  0.00843383,  0.16112801
24-Mar-26,SENSEX50,23942.04,23521.43,  0.01772399,  0.00843764,  0.00850910,  0.16256609,23945.65,23528.5,  0.01757423,  0.00845421,  0.00852390,  0.16284893,  0.00852390,  0.16284893
24-Mar-26,SHREECEM,23324.95,22725.15,  0.02605136,  0.01346928,  0.01356120,  0.25908645,23315,22535,  0.03402727,  0.01378418,  0.01395848,  0.26667646,  0.01395848,  0.26667646
24-Mar-26,SHRIRAMFIN,903.6,877.7,  0.02908193,  0.02198083,  0.02202210,  0.42073168,905,879.1,  0.02903629,  0.02156597,  0.02160972,  0.41285316,  0.02202210,  0.42073168
24-Mar-26,SIEMENS,3001.8,2988.05,  0.00459111,  0.02050826,  0.02045953,  0.39087881,2996.6,2954,  0.01431813,  0.02071238,  0.02068526,  0.39519137,  0.02068526,  0.39519137
24-Mar-26,SOLARINDS,12554.5,12430.15,  0.00995419,  0.02129522,  0.02125366,  0.40605057,12559,12408,  0.01209611,  0.02146790,  0.02143122,  0.40944290,  0.02143122,  0.40944290
24-Mar-26,SONACOMS,494.7,484.95,  0.01990573,  0.02075285,  0.02074868,  0.39640301,494.9,485.15,  0.01989760,  0.02088635,  0.02088153,  0.39894111,  0.02088153,  0.39894111
24-Mar-26,SRF,2471.6,2391.45,  0.03296584,  0.01833097,  0.01843295,  0.35216101,2476.4,2396.8,  0.03267138,  0.01823631,  0.01833669,  0.35032202,  0.01843295,  0.35216101
24-Mar-26,SUNPHARMA,1753.3,1758.35, -0.00287614,  0.01205880,  0.01203014,  0.22983554,1755.6,1756.4, -0.00045558,  0.01177629,  0.01174681,  0.22442257,  0.01203014,  0.22983554
24-Mar-26,SUPREMEIND,3754.45,3704.45,  0.01340700,  0.02024291,  0.02021459,  0.38619929,3769.5,3713.7,  0.01491368,  0.02011329,  0.02009053,  0.38382903,  0.02021459,  0.38619929
24-Mar-26,SUZLON,41.04,39.94,  0.02716887,  0.02378574,  0.02380382,  0.45477138,41.13,39.88,  0.03086284,  0.02387565,  0.02391573,  0.45690945,  0.02391573,  0.45690945
24-Mar-26,SWIGGY,275.75,272.55,  0.01167257,  0.02374732,  0.02370235,  0.45283282,276.85,273.4,  0.01253992,  0.02342088,  0.02337913,  0.44665758,  0.02370235,  0.45283282
24-Mar-26,SX40,42728.27,41964.3,  0.01804151,  0.00874603,  0.00881675,  0.16844372,42766.9,42008.6,  0.01789008,  0.00881395,  0.00888267,  0.16970317,  0.00888267,  0.16970317
24-Mar-26,SYNGENE,398.85,397.85,  0.00251036,  0.01897649,  0.01892990,  0.36165515,398.35,397.15,  0.00301697,  0.01916029,  0.01911361,  0.36516492,  0.01911361,  0.36516492
24-Mar-26,TATACONSUM,1053.1,1023.6,  0.02841237,  0.01433752,  0.01444190,  0.27591214,1051.8,1024.9,  0.02590794,  0.01416934,  0.01425210,  0.27228592,  0.01444190,  0.27591214
24-Mar-26,TATAELXSI,4180.15,4130.25,  0.01200919,  0.01992210,  0.01989037,  0.38000491,4165.6,4107.6,  0.01402141,  0.02039242,  0.02036550,  0.38908241,  0.02036550,  0.38908241
24-Mar-26,TATAPOWER,384.75,386.95, -0.00570171,  0.01624428,  0.01620874,  0.30966748,384.55,386.5, -0.00505805,  0.01670839,  0.01667039,  0.31848745,  0.01667039,  0.31848745
24-Mar-26,TATASTEEL,190.8,187.15,  0.01931532,  0.01912711,  0.01912815,  0.36544281,190.74,187.18,  0.01884052,  0.01918828,  0.01918655,  0.36655861,  0.01918655,  0.36655861
24-Mar-26,TATATECH,530.4,519,  0.02172756,  0.01646051,  0.01649108,  0.31506162,532.35,520.05,  0.02337621,  0.01705528,  0.01709263,  0.32655415,  0.01709263,  0.32655415
24-Mar-26,TCS,2398.8,2383.75,  0.00629373,  0.01407890,  0.01405087,  0.26844150,2404.2,2386.2,  0.00751507,  0.01382733,  0.01380313,  0.26370842,  0.01405087,  0.26844150
24-Mar-26,TECHM,1432.7,1384,  0.03458292,  0.01628585,  0.01642814,  0.31385915,1424.9,1384.9,  0.02847370,  0.01616634,  0.01625106,  0.31047610,  0.01642814,  0.31385915
24-Mar-26,TIINDIA,2568.6,2471,  0.03873808,  0.02265950,  0.02276809,  0.43498376,2575.8,2464.9,  0.04400893,  0.02285876,  0.02301285,  0.43965991,  0.02301285,  0.43965991
24-Mar-26,TITAN,3899.55,3853.05,  0.01199612,  0.01363107,  0.01362353,  0.26027712,3900.6,3857.7,  0.01105924,  0.01349905,  0.01348779,  0.25768383,  0.01362353,  0.26027712
24-Mar-26,TMPV,311.2,305.25,  0.01930468,  0.01876367,  0.01876654,  0.35853421,311.35,304.65,  0.02175410,  0.01895548,  0.01897049,  0.36243079,  0.01897049,  0.36243079
24-Mar-26,TORNTPHARM,4256.6,4213.9,  0.01008213,  0.01330061,  0.01328660,  0.25384011,4256.3,4218.7,  0.00887321,  0.01310966,  0.01309177,  0.25011786,  0.01328660,  0.25384011
24-Mar-26,TORNTPOWER,1366.3,1362.75,  0.00260164,  0.02175265,  0.02169903,  0.41455940,1370.6,1366.7,  0.00284953,  0.02185368,  0.02179983,  0.41648522,  0.02179983,  0.41648522
24-Mar-26,TRENT,3365.6,3356.65,  0.00266280,  0.02224383,  0.02218900,  0.42392016,3372,3355.3,  0.00496485,  0.02223614,  0.02218335,  0.42381230,  0.02218900,  0.42392016
24-Mar-26,TVSMOTOR,3479.7,3412.5,  0.01950092,  0.01687099,  0.01688515,  0.32259033,3469.5,3396.2,  0.02135333,  0.01663401,  0.01666092,  0.31830650,  0.01688515,  0.32259033
24-Mar-26,ULTRACEMCO,10763.95,10361.95,  0.03806214,  0.01479479,  0.01500131,  0.28659955,10754,10376,  0.03578233,  0.01439584,  0.01458100,  0.27856969,  0.01500131,  0.28659955
24-Mar-26,UNIONBANK,173.8,168.6,  0.03037617,  0.02192425,  0.02197454,  0.41982291,174.05,168.65,  0.03151705,  0.02207356,  0.02213076,  0.42280753,  0.02213076,  0.42280753
24-Mar-26,UNITDSPR,1328,1275.2,  0.04057102,  0.01489077,  0.01512783,  0.28901688,1330,1273.6,  0.04333141,  0.01475420,  0.01503295,  0.28720412,  0.01512783,  0.28901688
24-Mar-26,UNOMINDA,1071.3,1029.5,  0.03979962,  0.02199661,  0.02212127,  0.42262636,1069.6,1028,  0.03966958,  0.02203161,  0.02215472,  0.42326525,  0.02215472,  0.42326525
24-Mar-26,UPL,620.45,602.4,  0.02952334,  0.02107118,  0.02112175,  0.40353041,622.4,602.45,  0.03257830,  0.02134140,  0.02141237,  0.40908268,  0.02141237,  0.40908268
24-Mar-26,VBL,388.35,382.2,  0.01596296,  0.01942569,  0.01940998,  0.37082713,388.65,382.7,  0.01542780,  0.01928548,  0.01926812,  0.36811691,  0.01940998,  0.37082713
24-Mar-26,VEDL,651.6,645.75,  0.00901844,  0.02144219,  0.02139808,  0.40880974,641.75,635.1,  0.01041635,  0.02154140,  0.02150005,  0.41075797,  0.02150005,  0.41075797
24-Mar-26,VOLTAS,1302.1,1251.2,  0.03987525,  0.02008310,  0.02023026,  0.38649863,1294.4,1246.4,  0.03778787,  0.02024660,  0.02037179,  0.38920259,  0.02037179,  0.38920259
24-Mar-26,WAAREEENER,3086.7,3064.55,  0.00720182,  0.02807231,  0.02800659,  0.53506515,3090.2,3064.9,  0.00822087,  0.02834467,  0.02827969,  0.54028270,  0.02827969,  0.54028270
24-Mar-26,WIPRO,188.75,187.55,  0.00637791,  0.01632470,  0.01629021,  0.31122399,187.9,186.57,  0.00710340,  0.01633252,  0.01629934,  0.31139849,  0.01629934,  0.31139849
24-Mar-26,YESBANK,18.07,17.65,  0.02351732,  0.01968004,  0.01970099,  0.37638680,18.12,17.66,  0.02571411,  0.01979094,  0.01982493,  0.37875467,  0.01982493,  0.37875467
24-Mar-26,ZYDUSLIFE,886.4,860.6,  0.02953850,  0.01450051,  0.01461408,  0.27920159,885.85,862.1,  0.02717636,  0.01473002,  0.01481816,  0.28310059,  0.01481816,  0.28310059
